id,user_name,age
1,dmaffin0,72
2,gkidby1,87
3,wrigardeau2,71
4,wleyninye3,97
5,mbrind4,94
6,mclouston5,91
7,bmcilvoray6,36
8,cchatell7,63
9,lmatovic8,73
10,dsimka9,52
11,akearya,84
12,dedardsb,101
13,kdebruijnc,84
14,bgirauldd,110
15,btoppe,113
16,jmertgenf,100
17,ibleesg,65
18,bpollandh,80
19,fguyeri,106
20,kabeauj,36
21,wosculleyk,38
22,astarkingl,35
23,sclaitonm,37
24,apatricksonn,38
25,cbaudessono,76
26,apendrichp,94
27,nrobsonq,111
28,vjouhanr,115
29,bpearss,49
30,dmifflint,74
31,spaulillou,89
32,ctreagustv,110
33,ccullimorew,103
34,jputtanx,74
35,gbarstowy,50
36,veldridgez,45
37,cbosenworth10,115
38,mbradmore11,78
39,tramos12,95
40,eoxenden13,36
41,galvin14,89
42,ldebruijne15,61
43,mheppenspall16,59
44,gemmitt17,33
45,awellman18,81
46,cbetonia19,92
47,cgiacubo1a,46
48,emussettini1b,69
49,dsemble1c,38
50,frockhill1d,95
51,hmccallum1e,113
52,ycluff1f,103
53,erobins1g,98
54,pniset1h,114
55,iocooney1i,66
56,dmitchiner1j,63
57,arazoux1k,87
58,mhansen1l,111
59,hhayter1m,92
60,hbaggot1n,92
61,ctillman1o,50
62,cpache1p,41
63,mwagner1q,56
64,klodwig1r,98
65,landrat1s,90
66,nmordacai1t,78
67,svasiliu1u,35
68,kbernadon1v,95
69,mmabee1w,62
70,jcraik1x,112
71,gbinner1y,54
72,jknibbs1z,85
73,tchateau20,84
74,mkears21,33
75,mepton22,34
76,rquestier23,105
77,tgiannassi24,36
78,tjandl25,45
79,sgettings26,81
80,bmapam27,41
81,jplitz28,107
82,bnare29,92
83,mbalderstone2a,109
84,cscarre2b,43
85,ldufaur2c,49
86,cmcboyle2d,95
87,wfaloon2e,110
88,eduxbury2f,35
89,otallet2g,104
90,bdederick2h,84
91,abootman2i,97
92,ravrahamoff2j,44
93,sfellman2k,48
94,gleatt2l,64
95,dgraber2m,57
96,mdelepine2n,64
97,bwicks2o,53
98,vgoldsworthy2p,85
99,svonhelmholtz2q,88
100,sreichartz2r,87
101,esalter2s,50
102,pbradbrook2t,34
103,jcoll2u,101
104,pwansbury2v,47
105,gdykas2w,41
106,dmacconneely2x,49
107,msaban2y,106
108,mfasse2z,58
109,lkobus30,99
110,dschankel31,33
111,tpetrolli32,79
112,tvaz33,46
113,cciccottini34,108
114,tgebhardt35,81
115,rpendry36,101
116,mwilkin37,65
117,hkield38,47
118,lcambell39,58
119,mrosenhaupt3a,66
120,nseyers3b,105
121,bteggin3c,81
122,awatterson3d,80
123,esnelling3e,108
124,awishart3f,92
125,spetracchi3g,101
126,reliff3h,43
127,lchazier3i,73
128,calessandretti3j,35
129,ralphonso3k,55
130,bdibnah3l,65
131,rnancekivell3m,54
132,ckyne3n,50
133,llicas3o,78
134,clathbury3p,104
135,vstappard3q,57
136,hworsnop3r,98
137,etilly3s,37
138,ltaudevin3t,109
139,fallgood3u,87
140,ebernardino3v,60
141,jsawdy3w,87
142,rorlton3x,62
143,vbudik3y,46
144,lpitbladdo3z,99
145,swilfing40,93
146,fscherme41,33
147,bzoellner42,84
148,athurstan43,64
149,ptinline44,34
150,vbrandham45,45
151,sgillio46,115
152,kbiasotti47,63
153,msnalom48,89
154,langel49,115
155,csandys4a,59
156,lblacklawe4b,40
157,clatey4c,93
158,ladamo4d,70
159,gdegregoli4e,59
160,meyer4f,112
161,csteely4g,79
162,gveryard4h,104
163,frayment4i,101
164,veymor4j,70
165,zcreasy4k,58
166,tgirodon4l,42
167,iallawy4m,86
168,cclinch4n,84
169,csymmers4o,48
170,hflockhart4p,34
171,vpettipher4q,84
172,dwannell4r,48
173,mraff4s,76
174,atuminelli4t,71
175,svasilyevski4u,114
176,tcowles4v,38
177,mcade4w,81
178,aorr4x,72
179,aamos4y,36
180,slinfitt4z,60
181,kslad50,66
182,bcowlas51,92
183,iwetton52,33
184,awhittington53,73
185,emucillo54,53
186,hvasilchikov55,72
187,swebb56,57
188,zdowney57,58
189,hcoppenhall58,114
190,eszimon59,99
191,iburker5a,72
192,iduell5b,51
193,slambertson5c,33
194,vwyatt5d,85
195,nrogans5e,98
196,gschoffel5f,43
197,lorwin5g,80
198,bmarklund5h,66
199,klindmark5i,81
200,lbodker5j,98
201,elokier5k,66
202,bstrettle5l,63
203,llaydon5m,61
204,rsheal5n,44
205,kkeates5o,110
206,cjuszczak5p,69
207,edowtry5q,111
208,lbrinsden5r,101
209,snormabell5s,48
210,daleswell5t,85
211,tlapthorn5u,82
212,smoreno5v,52
213,fbirchall5w,111
214,johartnett5x,83
215,smolesworth5y,49
216,mdohmann5z,59
217,ccod60,57
218,stovey61,61
219,mprall62,83
220,svalente63,81
221,rbattison64,109
222,bsallowaye65,110
223,jcurnucke66,62
224,cruberry67,113
225,ocounsell68,105
226,gadanez69,110
227,zpaish6a,72
228,jbatchelour6b,63
229,cfairburne6c,53
230,bkinlock6d,46
231,uparr6e,107
232,orossi6f,94
233,cmarkson6g,115
234,mhallford6h,83
235,vburnsyde6i,48
236,givashchenko6j,76
237,ckennady6k,93
238,cgidman6l,36
239,gbewlay6m,72
240,stamlett6n,81
241,lsharpus6o,70
242,gstannard6p,53
243,lkealey6q,56
244,lkopacek6r,79
245,hdavydochkin6s,114
246,baudibert6t,90
247,astrattan6u,51
248,dbrownstein6v,57
249,hpicot6w,77
250,kbarkworth6x,50
251,crosenbaum6y,86
252,hlafferty6z,87
253,gdishmon70,60
254,nmohun71,115
255,gmassy72,90
256,tknight73,87
257,gfaulds74,69
258,grydeard75,110
259,sbould76,66
260,bstirling77,39
261,framel78,95
262,rcanon79,79
263,elabone7a,37
264,peudall7b,109
265,mvials7c,39
266,pduran7d,44
267,sgripton7e,88
268,pdax7f,73
269,fnoye7g,48
270,ebosch7h,85
271,ckilroy7i,110
272,ccess7j,78
273,tferrari7k,53
274,htarte7l,82
275,kbenfield7m,85
276,abuncher7n,87
277,gheadrick7o,69
278,kbillingsley7p,64
279,cfetherston7q,76
280,rframe7r,54
281,nbirchill7s,68
282,pgierardi7t,33
283,rgerber7u,45
284,nreynoldson7v,113
285,amasse7w,56
286,wveale7x,99
287,eboissier7y,83
288,cfolkes7z,40
289,aconkling80,96
290,orainbow81,51
291,talvares82,103
292,lhonatsch83,113
293,fsanchis84,83
294,vveale85,79
295,finott86,67
296,wkloska87,105
297,bkopp88,74
298,vburth89,50
299,bfenne8a,114
300,hpowell8b,104
301,srepp8c,112
302,pluckcock8d,114
303,mcullerne8e,74
304,vmeco8f,73
305,myandell8g,72
306,acottu8h,99
307,voddboy8i,103
308,dfairweather8j,110
309,bbibb8k,113
310,dfoxton8l,39
311,gfairlam8m,87
312,lvivians8n,43
313,sdofty8o,77
314,nespinola8p,115
315,jbraikenridge8q,72
316,dyezafovich8r,70
317,fbirtles8s,101
318,zweerdenburg8t,84
319,wwade8u,76
320,scurrm8v,50
321,vjosiah8w,54
322,jschellig8x,105
323,sconquest8y,87
324,jsultana8z,104
325,rgreenshields90,104
326,gcoale91,81
327,ccotman92,59
328,cenoch93,54
329,pfilintsev94,44
330,mbaselli95,80
331,cramard96,80
332,sdaton97,49
333,smcgeagh98,104
334,csevin99,70
335,lscutter9a,71
336,jvlasov9b,54
337,eahern9c,41
338,rabdon9d,64
339,jplews9e,65
340,ppoon9f,59
341,rlumly9g,64
342,pundy9h,82
343,gcadge9i,46
344,ashearn9j,102
345,ediggins9k,104
346,pmulqueen9l,59
347,torcas9m,92
348,sblackley9n,98
349,hramard9o,85
350,ocushworth9p,71
351,cwilbor9q,79
352,knutman9r,79
353,cblaszczynski9s,64
354,tmckinlay9t,81
355,amatveichev9u,50
356,crhelton9v,75
357,sprandi9w,77
358,tbiddle9x,105
359,fclark9y,60
360,agowrich9z,41
361,cpardya0,110
362,egilesa1,33
363,awaylena2,57
364,hbarocka3,83
365,wcounta4,83
366,mboddya5,72
367,mfleaya6,40
368,jspuffarda7,84
369,pchanga8,109
370,obriatta9,56
371,belverstoneaa,89
372,mambroginiab,112
373,hsherbourneac,73
374,lmaygerad,49
375,vharnimanae,101
376,mmacneishaf,115
377,rdehoochag,35
378,ereimerah,71
379,jreeveai,56
380,fbeswellaj,100
381,deneasak,58
382,glinscottal,65
383,bdullinghamam,68
384,asawleyan,109
385,wcradocao,47
386,pbelascoap,96
387,mpersentaq,51
388,mwidgerar,66
389,cburwellas,44
390,dspiersat,46
391,djoutapaviciusau,95
392,mtrevillionav,92
393,hmacterrellyaw,67
394,gmableyax,71
395,aelkingtonay,36
396,gchittyaz,46
397,tfeuellb0,75
398,wferrullib1,43
399,tfullertonb2,90
400,gbedomeb3,88
401,ccreeghanb4,98
402,weimb5,36
403,tmorrantb6,48
404,griglesfordb7,59
405,wariasb8,96
406,vzuanb9,34
407,igriffitheba,48
408,cdresselbb,90
409,ofudgerbc,76
410,rrysonbd,97
411,pmunganbe,55
412,sbeeckxbf,65
413,zstrowgerbg,39
414,eswainsburybh,61
415,aducrowbi,98
416,pstarrbj,52
417,colandbk,107
418,pwinmanbl,49
419,hjouhningbm,109
420,krodgerbn,34
421,hdedambo,36
422,gnaullsbp,35
423,asyphasbq,74
424,nonolandbr,81
425,skeuntjebs,50
426,bbingleybt,86
427,emclainebu,75
428,ahammerbergerbv,54
429,cschwanderbw,100
430,jverrybx,39
431,eeasdonby,88
432,bcardenasbz,60
433,dbortolottic0,42
434,acavilc1,63
435,dskunec2,100
436,pgadesbyc3,51
437,meatttokc4,115
438,bwickersleyc5,107
439,dpetracchic6,66
440,jferec7,70
441,klowthianc8,46
442,fillingsworthc9,49
443,flebosseca,109
444,bacarsoncb,36
445,ggrahlmancc,55
446,tcallencd,111
447,kratleyce,111
448,eovanesiancf,42
449,rdaintithcg,114
450,abednallch,61
451,vellwandci,114
452,kmacphailcj,98
453,tbarrottck,42
454,jleflemingcl,36
455,kmccaheycm,90
456,gmeacn,98
457,wsickertco,91
458,ffurmedgecp,81
459,acolegatecq,108
460,gcollissoncr,39
461,kmaaszcs,94
462,ladamecct,71
463,ksandercroftcu,115
464,ptythacottcv,58
465,sbredecw,93
466,dcranneycx,107
467,camercy,54
468,lmatyushkincz,88
469,evarfolomeevd0,36
470,mstanwayd1,111
471,ccockshttd2,79
472,udredged3,79
473,dforred4,37
474,hanstissd5,108
475,hluigid6,48
476,emccaughend7,74
477,eatlingd8,48
478,jgammond9,101
479,etewda,83
480,jswiredb,41
481,zcomolettidc,99
482,adenmandd,81
483,tconeyde,61
484,dlantuffedf,69
485,bkefforddg,86
486,gvernalldh,57
487,tmckechniedi,66
488,sverydj,47
489,ahallsworthdk,49
490,meiversdl,104
491,ddauberdm,114
492,bguyetdn,81
493,molennanedo,92
494,ldouglassdp,107
495,cthompsondq,50
496,gpickthalldr,35
497,dsonghurstds,63
498,jtyttertondt,90
499,ksimmsdu,43
500,dcaulketdv,84
501,wurwindw,97
502,fbuckenhilldx,38
503,aberrigandy,54
504,emilnesdz,87
505,vwhawelle0,73
506,tthreadgille1,85
507,kemlyne2,100
508,mfrearsone3,41
509,mmuskere4,56
510,fcreere5,102
511,catleye6,91
512,ltingeye7,92
513,wwaleworke8,111
514,skentone9,41
515,clatanea,92
516,abraisbyeb,98
517,dhorlickec,109
518,vsloyaned,54
519,awisonee,50
520,zfarrallef,67
521,abargeryeg,78
522,fdablineh,36
523,cbushelei,69
524,sgroverej,86
525,rhamberstonek,103
526,atoweyel,34
527,vbeekenem,50
528,ayewdellen,57
529,ccamiereo,110
530,bcorneliussenep,35
531,aschalleq,94
532,jiacovuzzier,77
533,omattedies,63
534,rdommet,39
535,tagronskieu,41
536,csmaleev,48
537,gknightlyew,38
538,dbasnettex,59
539,aseversey,33
540,rkirwanez,63
541,jboschmannf0,98
542,cheppnerf1,70
543,bbottinif2,44
544,cnivenf3,50
545,apenhearowf4,74
546,dpaasof5,75
547,irayburnf6,60
548,lmcenenyf7,73
549,gwoolrichf8,66
550,mbarmef9,38
551,mlanglaisfa,114
552,dwaulkerfb,35
553,wfeareyfc,84
554,mmeritonfd,57
555,kkinlockfe,50
556,aolohanff,54
557,olammerichfg,82
558,nfenichfh,91
559,ewhittenburyfi,46
560,uratterfj,78
561,bappleyardfk,49
562,ljosipovicfl,79
563,ltreadwayfm,63
564,emckerronfn,115
565,gwindridgefo,72
566,ascrowstonfp,57
567,rbaxfq,67
568,ldomninfr,68
569,sendlefs,61
570,vmoorrudft,54
571,achallenderfu,87
572,fcelandfv,77
573,aflorisfw,98
574,fdoodfx,82
575,dvialsfy,99
576,eswanwickfz,62
577,cfosserdg0,105
578,gcaudrelierg1,80
579,tlehrg2,61
580,nbassilashvilig3,94
581,dheelg4,61
582,cgorlingg5,42
583,cyanezg6,71
584,adunmoreg7,104
585,eclayworthg8,113
586,fthibodeauxg9,58
587,abowkettga,37
588,eshovelbottomgb,104
589,ghogsdengc,68
590,cdundridgegd,79
591,cbuntenge,45
592,kbyegf,39
593,lweekesgg,98
594,gsinfieldgh,109
595,fstandidgegi,54
596,gstorckegj,37
597,gpilburygk,108
598,lbarhemsgl,57
599,lmoisergm,56
600,vfritschmanngn,35
601,kgogaygo,88
602,gjagsongp,36
603,btrudgiangq,113
604,mdevanygr,85
605,nyvengs,95
606,gsandhillgt,76
607,zguiduzzigu,110
608,jnottlegv,38
609,dgotfreygw,75
610,pratiegx,60
611,dstobbiegy,49
612,kgwingz,101
613,fmunth0,44
614,bebbrellh1,42
615,ssooperh2,69
616,jleatth3,42
617,rdolderh4,71
618,vvintonh5,94
619,afrazierh6,75
620,mbinionh7,51
621,asawarth8,108
622,lstannahh9,81
623,mhrinishinha,105
624,hdosdalehb,108
625,hverrallshc,40
626,aelfitthd,102
627,ogartsidehe,89
628,rchappelowhf,91
629,lseggehg,37
630,bbromagehh,104
631,drederhi,107
632,pbritthj,87
633,omounfieldhk,44
634,sfruchterhl,93
635,alangshawhm,92
636,hcaldronihn,85
637,sboothmanho,114
638,fchatwoodhp,111
639,alydiatehq,54
640,clongrigghr,78
641,icambellhs,51
642,sreichartzht,40
643,stebbethu,115
644,tprandyhv,89
645,ecafferyhw,33
646,hbatrimhx,90
647,eivamyhy,50
648,akitcatthz,65
649,asearchwelli0,111
650,abrami1,79
651,edawtreyi2,62
652,rpeotzi3,68
653,ndifrancescoi4,92
654,lrodenburgi5,52
655,mruanei6,87
656,smossoni7,115
657,ldillingstonei8,97
658,agowlandi9,101
659,phuygenia,83
660,ralvenib,74
661,abiddissic,34
662,legglestoneid,84
663,cmayzeie,51
664,wleatheif,86
665,bgillowig,52
666,eerrichelliih,113
667,kbentkeii,85
668,lnorkuttij,67
669,jclaffeyik,48
670,lsvanettiil,76
671,abenedidickim,68
672,wdantonin,82
673,drabbageio,79
674,nstockellip,96
675,ubourchieriq,77
676,vrainsir,111
677,mdeshortsis,95
678,mbrabbanit,60
679,ckimmiu,50
680,iespinhaiv,33
681,wbissekeriw,35
682,iwinfreyix,34
683,dlyttleiy,64
684,adunkirkiz,58
685,ealvarj0,72
686,ckerj1,91
687,mdufaurj2,83
688,jmckanej3,74
689,ccokaynej4,53
690,nspollenj5,104
691,pspradbrowj6,35
692,jgrishaginj7,98
693,cbaseleyj8,81
694,labraminoj9,104
695,clouchja,95
696,cpicklessjb,45
697,yrisbridgerjc,93
698,rbumphreyjd,77
699,rsmallpieceje,88
700,jdelhayjf,103
701,dhanselmannjg,44
702,vmaaszjh,52
703,wlorkinsji,106
704,mkikejj,86
705,nvanweedenburgjk,82
706,vmckennajl,76
707,flaterzajm,60
708,pfigiovannijn,89
709,leckelsjo,36
710,aquennelljp,46
711,abesterjq,87
712,tovereljr,42
713,tleberjs,35
714,scowperthwaitejt,108
715,mcawderyju,82
716,cferrolijv,86
717,sguytonjw,53
718,mspoffordjx,114
719,hpeinkejy,80
720,kduckettjz,60
721,pmayhok0,35
722,tslayfordk1,92
723,ilobbk2,39
724,ehaydnk3,33
725,nsevink4,56
726,aranklingk5,67
727,adownerk6,58
728,dsimesk7,45
729,tbeacroftk8,97
730,gmetzingk9,42
731,shanmoreka,69
732,gkezorkb,110
733,mbiaggettikc,99
734,rgostagekd,84
735,abaldinike,100
736,nbondesenkf,78
737,taltamiranokg,98
738,sreitenbachkh,89
739,aclueki,41
740,hlambotinkj,77
741,cblackwellkk,86
742,smantkl,44
743,jdoveykm,67
744,ucloakekn,57
745,brecordko,78
746,smithonkp,94
747,fmenicombkq,39
748,achildskr,37
749,scurdsks,71
750,cwoolbrookkt,76
751,caspitalku,95
752,rthrowerkv,57
753,dsturmkw,68
754,amallisonkx,43
755,bellacottky,59
756,aalveskz,68
757,vtoshl0,88
758,lgiamettil1,48
759,easpell2,73
760,gfaircleyl3,104
761,cslitel4,54
762,ikaretl5,115
763,smorillal6,105
764,mtomasianl7,105
765,crudingerl8,114
766,rcuncarrl9,34
767,nfoyla,85
768,gevennettlb,46
769,njorglc,33
770,dgallicold,71
771,ncadoganle,68
772,jfreynelf,110
773,rbuneylg,113
774,blohmeyerlh,74
775,mveldmanli,73
776,tsandlelj,88
777,bsondlandlk,55
778,tjanaszewskill,64
779,mcasonilm,102
780,tmarzelliln,55
781,ichezierlo,94
782,sficklinglp,92
783,ddrysdalllq,102
784,ilidgettlr,87
785,gcoltls,82
786,vphillippolt,74
787,egoblelu,57
788,cgaynorlv,101
789,jshordlw,111
790,jcuttslx,100
791,fparmanly,62
792,flortzlz,108
793,njaggarm0,84
794,dwillm1,70
795,rpowderhamm2,89
796,emcnaem3,39
797,eclaym4,43
798,bmacelanem5,71
799,sgunbym6,35
800,cdesportem7,56
801,stapem8,62
802,adockreaym9,91
803,hferma,44
804,rbutfieldmb,108
805,aharrowermc,90
806,wbrandinmd,73
807,crubbensme,51
808,nstainbridgemf,68
809,mortsmg,56
810,ssneezemmh,56
811,tkarolowskimi,60
812,kdairtonmj,107
813,dickowicsmk,105
814,mcordetml,64
815,erosasmm,82
816,dmoyseymn,42
817,klegiermo,92
818,gdatmp,113
819,fmouldingmq,41
820,liglesiamr,95
821,abootherms,60
822,giacoviellomt,89
823,cwalduckmu,46
824,ogrissettmv,64
825,smessammw,47
826,tkippinmx,58
827,ecribbinsmy,68
828,fcowperthwaitemz,80
829,rdadswelln0,56
830,ddantonin1,60
831,ljegern2,77
832,mmynettn3,54
833,dsleightn4,70
834,ckruschovn5,90
835,ecleatorn6,82
836,ltorbettn7,56
837,gcollishawn8,115
838,crenzullon9,57
839,dbarhamna,97
840,mratienb,86
841,jdaviotnc,108
842,tjackesnd,57
843,dhaggartyne,83
844,cwondrascheknf,87
845,tdombrellng,81
846,jmoattnh,88
847,blaughlinni,75
848,bmckeagnj,40
849,wbrookesnk,69
850,balisonnl,104
851,yloughrannm,49
852,ndurnillnn,109
853,mdrakefordno,71
854,elentnp,53
855,dardernnq,92
856,utrenowethnr,71
857,geilhersenns,59
858,ecallarnt,59
859,mlindseynu,79
860,rizhakovnv,89
861,kwellardnw,85
862,mcrambnx,74
863,edonativony,77
864,etebbenz,76
865,lcossaro0,106
866,nyearnso1,78
867,ahalleto2,47
868,wcaddeno3,57
869,mlowndeso4,89
870,tbrookeso5,47
871,rbolleyo6,99
872,tkitchinhamo7,70
873,hconachieo8,72
874,ltonno9,78
875,jbaddamoa,75
876,wmattekob,77
877,dcrimoc,113
878,tlapishod,110
879,ameachenoe,78
880,gmagerof,112
881,vroskrugog,38
882,hspurroh,108
883,bhannyoi,96
884,diwanickioj,98
885,hfallenok,68
886,rsoaresol,48
887,ntinglyom,42
888,gstembridgeon,86
889,emaurooo,60
890,mmundyop,59
891,mclemenconoq,74
892,lbrenstonor,55
893,astolbergos,89
894,ssharphouseot,103
895,gcovetou,82
896,dtripetov,102
897,roliddyow,109
898,elinklaterox,72
899,ktackettoy,60
900,aluckenoz,95
901,ttrillowp0,113
902,relldredp1,98
903,smecchip2,46
904,gheavyp3,98
905,ebullenep4,113
906,tmaidensp5,102
907,bweymouthp6,109
908,ddartanp7,72
909,hdonisip8,72
910,akenneap9,92
911,babreheartpa,105
912,craffanpb,61
913,nbiggenpc,90
914,jfearnallpd,65
915,hklimtpe,74
916,ospehrpf,106
917,jbaughpg,90
918,kruncimanph,109
919,fhurringpi,64
920,jfossepj,81
921,fhaberjampk,34
922,brudrampl,110
923,frenachowskipm,81
924,abruntjenpn,105
925,dreddellpo,58
926,sfolkpp,34
927,mblanchardpq,109
928,canyonpr,88
929,rkuhndelps,102
930,ccoompt,108
931,cgorringpu,67
932,idoorbarpv,96
933,hloftpw,35
934,tlapidespx,91
935,aberthomieupy,75
936,mplaydenpz,92
937,csnelleq0,42
938,ngimletq1,52
939,bkelseyq2,91
940,bnylesq3,90
941,wsneezemq4,111
942,fkilroyq5,81
943,pshovlarq6,97
944,bshinnerq7,74
945,bcollatonq8,40
946,joulettq9,111
947,mmanifoldqa,71
948,sandreopolosqb,86
949,streneerqc,36
950,ltongqd,47
951,cpleatqe,54
952,tmcinerneyqf,69
953,alougheedqg,54
954,ahamssonqh,34
955,mmetzelqi,78
956,kcourteseqj,59
957,spinardqk,34
958,lmonahanql,57
959,egeorgelqm,38
960,rcicccittiqn,35
961,kkissackqo,66
962,mcasfordqp,83
963,lbrandiqq,97
964,ksallnowqr,55
965,bheggmanqs,43
966,obranfordqt,93
967,dathersmithqu,91
968,achardqv,58
969,gduddridgeqw,82
970,gcrumleyqx,89
971,steagerqy,113
972,dmcbeanqz,91
973,afibbensr0,75
974,bkingabyr1,57
975,rlealer2,46
976,ebracerr3,76
977,rmeridar4,99
978,jtallowinr5,54
979,dbrewertonr6,88
980,dlevershar7,104
981,isinisburyr8,101
982,lloveittr9,54
983,jroskrugra,90
984,cmccookrb,51
985,cscougalrc,62
986,thinksenrd,101
987,mwayere,54
988,kchillcotrf,50
989,jbeasleighrg,69
990,ldreakinrh,64
991,hbrummellri,72
992,aneesonrj,35
993,ayork,104
994,nvedenisovrl,74
995,mmendesrm,102
996,tpfertnerrn,102
997,jbigmorero,104
998,ebaylessrp,79
999,sgullefantrq,54
1000,mlippettrr,100
